{"cameraMode":{"drawMode":0,"name":"Shaded","section":"Shading Mode"},"sceneLighting":false,"audioPlay":false,"sceneViewState":{"showFog":true,"showMaterialUpdate":true,"showSkybox":true,"showFlares":true,"showImageEffects":true,"showParticleSystems":true},"in2DMode":false,"pivot":{"x":355.808837890625,"y":10.623760223388672,"z":350.9700012207031},"rotation":{"x":-0.1886795461177826,"y":-0.1466921716928482,"z":0.028516199439764024,"w":-0.9706020355224609},"size":22.0,"orthographic":true}