{"cameraMode":{"drawMode":0,"name":"Shaded","section":"Shading Mode"},"sceneLighting":false,"audioPlay":false,"sceneViewState":{"showFog":true,"showMaterialUpdate":true,"showSkybox":false,"showFlares":true,"showImageEffects":true,"showParticleSystems":true},"in2DMode":false,"pivot":{"x":-1.129014015197754,"y":2.2597925662994386,"z":2.384185791015625e-7},"rotation":{"x":0.11500108987092972,"y":0.2990480363368988,"z":-0.03633115813136101,"w":0.946586012840271},"size":13.620275497436524,"orthographic":true}