{"cameraMode":{"drawMode":0,"name":"Shaded","section":"Shading Mode"},"sceneLighting":false,"audioPlay":false,"sceneViewState":{"showFog":true,"showMaterialUpdate":true,"showSkybox":true,"showFlares":true,"showImageEffects":true,"showParticleSystems":true},"in2DMode":false,"pivot":{"x":392.29998779296877,"y":10.0,"z":308.79998779296877},"rotation":{"x":0.22759415209293366,"y":0.568612813949585,"z":-0.1675160974264145,"w":0.7725404500961304},"size":96.93264770507813,"orthographic":true}