{"cameraMode":{"drawMode":0,"name":"Shaded","section":"Shading Mode"},"sceneLighting":false,"audioPlay":false,"sceneViewState":{"showFog":false,"showMaterialUpdate":false,"showSkybox":false,"showFlares":false,"showImageEffects":false,"showParticleSystems":false},"in2DMode":false,"pivot":{"x":414.0000305175781,"y":235.2008056640625,"z":0.0},"rotation":{"x":0.07282836735248566,"y":-0.011967908591032029,"z":0.00087391072884202,"w":0.9972723126411438},"size":267.6679382324219,"orthographic":true}