{"cameraMode":{"drawMode":0,"name":"Shaded","section":"Shading Mode"},"sceneLighting":false,"audioPlay":false,"sceneViewState":{"showFog":false,"showMaterialUpdate":false,"showSkybox":false,"showFlares":false,"showImageEffects":false,"showParticleSystems":false},"in2DMode":false,"pivot":{"x":337.19744873046877,"y":13.099504470825196,"z":378.68255615234377},"rotation":{"x":0.06420207768678665,"y":0.9329631924629211,"z":-0.20999902486801148,"w":0.28523388504981997},"size":10.25901985168457,"orthographic":true}