{"cameraMode":{"drawMode":0,"name":"Shaded","section":"Shading Mode"},"sceneLighting":false,"audioPlay":false,"sceneViewState":{"showFog":true,"showMaterialUpdate":true,"showSkybox":false,"showFlares":true,"showImageEffects":true,"showParticleSystems":true},"in2DMode":false,"pivot":{"x":396.29998779296877,"y":20.899999618530275,"z":307.30999755859377},"rotation":{"x":-0.20244114100933076,"y":-0.6384828686714172,"z":0.17938891053199769,"w":-0.7205392718315125},"size":3.4424209594726564,"orthographic":true}