{"cameraMode":{"drawMode":0,"name":"Shaded","section":"Shading Mode"},"sceneLighting":false,"audioPlay":false,"sceneViewState":{"showFog":false,"showMaterialUpdate":false,"showSkybox":false,"showFlares":false,"showImageEffects":false,"showParticleSystems":false},"in2DMode":false,"pivot":{"x":266.15869140625,"y":6.434072494506836,"z":-26.141700744628908},"rotation":{"x":0.19540584087371827,"y":-0.7108359336853027,"z":0.21708476543426515,"w":0.6398462057113648},"size":327.9865417480469,"orthographic":true}