{"cameraMode":{"drawMode":0,"name":"Shaded","section":"Shading Mode"},"sceneLighting":false,"audioPlay":false,"sceneViewState":{"showFog":true,"showMaterialUpdate":true,"showSkybox":false,"showFlares":true,"showImageEffects":true,"showParticleSystems":true},"in2DMode":false,"pivot":{"x":343.7950439453125,"y":1.2242515087127686,"z":146.6488800048828},"rotation":{"x":-0.3038729131221771,"y":-0.4885022044181824,"z":0.18638910353183747,"w":-0.7964207530021668},"size":2.958253860473633,"orthographic":true}