{"cameraMode":{"drawMode":0,"name":"Shaded","section":"Shading Mode"},"sceneLighting":false,"audioPlay":false,"sceneViewState":{"showFog":true,"showMaterialUpdate":true,"showSkybox":true,"showFlares":true,"showImageEffects":true,"showParticleSystems":true},"in2DMode":false,"pivot":{"x":348.0921630859375,"y":0.10577231645584107,"z":150.8690185546875},"rotation":{"x":0.06646275520324707,"y":0.9334383606910706,"z":-0.25622543692588808,"w":0.24212409555912019},"size":22.0,"orthographic":true}