{"cameraMode":{"drawMode":0,"name":"Shaded","section":"Shading Mode"},"sceneLighting":false,"audioPlay":false,"sceneViewState":{"showFog":true,"showMaterialUpdate":true,"showSkybox":true,"showFlares":true,"showImageEffects":true,"showParticleSystems":true},"in2DMode":false,"pivot":{"x":224.86000061035157,"y":5.400000095367432,"z":-28.600000381469728},"rotation":{"x":-0.018842045217752458,"y":-0.9738219976425171,"z":0.0878814235329628,"w":-0.20878873765468598},"size":10.67905330657959,"orthographic":false}