{"cameraMode":{"drawMode":0,"name":"Shaded","section":"Shading Mode"},"sceneLighting":false,"audioPlay":false,"sceneViewState":{"showFog":false,"showMaterialUpdate":false,"showSkybox":false,"showFlares":false,"showImageEffects":false,"showParticleSystems":false},"in2DMode":false,"pivot":{"x":353.92999267578127,"y":0.8899999260902405,"z":405.2699890136719},"rotation":{"x":0.23875810205936433,"y":-0.6443276405334473,"z":0.22242607176303864,"w":0.6916379332542419},"size":4.1580810546875,"orthographic":true}