{"cameraMode":{"drawMode":0,"name":"Shaded","section":"Shading Mode"},"sceneLighting":false,"audioPlay":false,"sceneViewState":{"showFog":false,"showMaterialUpdate":false,"showSkybox":false,"showFlares":false,"showImageEffects":false,"showParticleSystems":false},"in2DMode":false,"pivot":{"x":341.0409851074219,"y":0.8183189630508423,"z":153.78199768066407},"rotation":{"x":0.5433650612831116,"y":-0.3693573474884033,"z":0.28808197379112246,"w":0.6966623067855835},"size":1.625043272972107,"orthographic":true}