{"cameraMode":{"drawMode":0,"name":"Shaded","section":"Shading Mode"},"sceneLighting":false,"audioPlay":false,"sceneViewState":{"showFog":true,"showMaterialUpdate":true,"showSkybox":false,"showFlares":true,"showImageEffects":true,"showParticleSystems":true},"in2DMode":false,"pivot":{"x":343.7950439453125,"y":1.2242515087127686,"z":146.6488800048828},"rotation":{"x":-0.24026155471801759,"y":-0.5611761212348938,"z":0.17451485991477967,"w":-0.7725933194160461},"size":1.3394982814788819,"orthographic":true}